"","SampleID","BarcodeSequence","LinkerPrimerSequence","Plate","Well","Index","EXPT","Organ","Block","Treatment","Geno","ExBatch","Description"
"6","HETU_1_110218_B","TGGCATACGGCA","AACMGGATTAGATACCCKG",1,"F6",53,"CC2018","Petal",1,"Bottom swab","HETU",7,"HETU.1.110218.B"
"5","HETU_1_110218_T","CAGGAAGGTTAA","AACMGGATTAGATACCCKG",1,"F5",52,"CC2018","Petal",1,"Top swab","HETU",7,"HETU.1.110218.T"
"4","HETU_1_110218_W","TAAGGTAAGGTG","AACMGGATTAGATACCCKG",1,"F4",51,"CC2018","Petal",1,"Wash","HETU",7,"HETU.1.110218.W"
"13","HETU_4_110718_B","CTACCGGATCAA","AACMGGATTAGATACCCKG",1,"G6",65,"CC2018","Petal",4,"Bottom swab","HETU",7,"HETU.4.110718.B"
"12","HETU_4_110718_T","TGGCACCGATTA","AACMGGATTAGATACCCKG",1,"G5",64,"CC2018","Petal",4,"Top swab","HETU",7,"HETU.4.110718.T"
"11","HETU_4_110718_W","CGGGTTTGACGA","AACMGGATTAGATACCCKG",1,"G4",63,"CC2018","Petal",4,"Wash","HETU",7,"HETU.4.110718.W"
"18","HETU_5_110718_B","ATTATACCTCGG","AACMGGATTAGATACCCKG",4,"D5",59,"CC2018","Petal",5,"Bottom swab","HETU",7,"HETU.5.110718.B"
"17","HETU_5_110718_T","TTCTGGGAACAC","AACMGGATTAGATACCCKG",4,"D4",58,"CC2018","Petal",5,"Top swab","HETU",7,"HETU.5.110718.T"
"16","HETU_5_110718_W","CCTAATGGAACC","AACMGGATTAGATACCCKG",4,"D3",57,"CC2018","Petal",5,"Wash","HETU",7,"HETU.5.110718.W"
"24","HETU_6_111218_B","CTCCTACTGTCT","AACMGGATTAGATACCCKG",4,"D11",71,"CC2018","Petal",6,"Bottom swab","HETU",7,"HETU.6.111218.B"
"23","HETU_6_111218_T","GCGTGTTAAACC","AACMGGATTAGATACCCKG",4,"D10",70,"CC2018","Petal",6,"Top swab","HETU",7,"HETU.6.111218.T"
"22","HETU_6_111218_W","AGATAGGACAGG","AACMGGATTAGATACCCKG",4,"D9",69,"CC2018","Petal",6,"Wash","HETU",7,"HETU.6.111218.W"
"3","VEAL_1_110218_B","CTAGATTTGCCA","AACMGGATTAGATACCCKG",1,"F3",50,"CC2018","Petal",1,"Bottom swab","VEAL",7,"VEAL.1.110218.B"
"2","VEAL_1_110218_T","TAAACCGCGTGT","AACMGGATTAGATACCCKG",1,"F2",49,"CC2018","Petal",1,"Top swab","VEAL",7,"VEAL.1.110218.T"
"1","VEAL_1_110218_W","GTCCGAAACACT","AACMGGATTAGATACCCKG",1,"F1",48,"CC2018","Petal",1,"Wash","VEAL",7,"VEAL.1.110218.W"
"19","VEAL_3_111218_B","GCTAATTACGCT","AACMGGATTAGATACCCKG",4,"D6",62,"CC2018","Petal",3,"Bottom swab","VEAL",7,"VEAL.3.111218.B"
"10","VEAL_3_111218_T","AGAGCCTACGTT","AACMGGATTAGATACCCKG",1,"G2",61,"CC2018","Petal",3,"Top swab","VEAL",7,"VEAL.3.111218.T"
"9","VEAL_3_111218_W","TATGCACCAGTG","AACMGGATTAGATACCCKG",1,"G1",60,"CC2018","Petal",3,"Wash","VEAL",7,"VEAL.3.111218.W"
"15","VEAL_4_110718_B","TTCCGTAGGGAT","AACMGGATTAGATACCCKG",4,"D2",56,"CC2018","Petal",4,"Bottom swab","VEAL",7,"VEAL.4.110718.B"
"8","VEAL_4_110718_T","CGAGTTGTAGCG","AACMGGATTAGATACCCKG",1,"F8",55,"CC2018","Petal",4,"Top swab","VEAL",7,"VEAL.4.110718.T"
"7","VEAL_4_110718_W","ACTATTGTCACG","AACMGGATTAGATACCCKG",1,"F7",54,"CC2018","Petal",4,"Wash","VEAL",7,"VEAL.4.110718.W"
"21","VEAL_5_110718_B","TAGAACTCACCT","AACMGGATTAGATACCCKG",4,"D8",68,"CC2018","Petal",5,"Bottom swab","VEAL",7,"VEAL.5.110718.B"
"20","VEAL_5_110718_T","GTCATTCACGAG","AACMGGATTAGATACCCKG",4,"D7",67,"CC2018","Petal",5,"Top swab","VEAL",7,"VEAL.5.110718.T"
"14","VEAL_5_110718_W","AGCAAACACCCG","AACMGGATTAGATACCCKG",1,"G7",66,"CC2018","Petal",5,"Wash","VEAL",7,"VEAL.5.110718.W"
